timestamp,registration,seat_no,mobile,status,detail
2026-10-10T16:09:26,TRW-000001,M-005,8892983378,FAILED,": Target page, context or browser has been closed"
2026-10-10T16:10:10,TRW-000001,M-005,8892983378,SEND_CLICKED,send action clicked; delivery is not verified
2026-10-10T16:10:18,TRW-000001,M-005,8892983378,FAILED,": Target page, context or browser has been closed"
2026-10-10T16:14:38,TRW-000169,M-096,8010858139,FAILED,": Target page, context or browser has been closed"
2026-10-10T16:14:40,TRW-000169,M-096,8010858139,SEND_CLICKED,send action clicked; delivery is not verified
2026-10-10T16:15:00,TRW-000001,M-005,8892983378,SEND_CLICKED,send action clicked; delivery is not verified
2026-10-10T16:15:06,TRW-000001,M-005,8892983378,FAILED,": Target page, context or browser has been closed"
2026-10-10T16:15:20,TRW-000010,M-002,9370162919,SEND_CLICKED,send action clicked; delivery is not verified
2026-10-10T16:15:34,TRW-000010,M-002,9370162919,FAILED,": Target page, context or browser has been closed"
